Workbook

Sheet Params
A1: ENUPS | C1: 2017
A2: ENDWM | C2: 2018
A3: ENCON | C3: 2019
A4: DBENR | C4: 2020
A5: DBLIF | C5: 2021
A6: DBPRO | C6: 2022
A7: DBTRT | C7: 2023
A8: LIIND | C8: 2024
A9: LISHT | C9: 2025
A10: LIMED | C10: 2026
A11: LIMLT
A12: PRTOT
A13: DCMAR
A14: DCENR
A15: DCPRO
A16: DCBON
A17: DCFIL
A18: DCSPE
A19: DCLIA
A20: DCFRO

Sheet Inputs
A1: UWY | B1: ResClass | C1: Premium Ultimate | D1: Case Reserves | E1: Total Incurred Claims | F1: SIBNR | G1: IBNR MBE | H1: IBNR Stat | I1: Total Reserves MBE | J1: GULR MBE | K1: Total Reserves Stat | L1: GULR Stat | P1: LOB | Q1: Mean | R1: Standard Deviation | S1: Variance | V1: Lob | W1: UWY | X1: earned %
A2: 2017 | B2: ENUPS | C2: 14295849 | D2: 0.010316866 | E2: 6085299.3 | F2: 0 | G2: 0 | H2: 0 | I2: 0.010316866 | J2: 0.42566898 | K2: 0.010316866 | L2: 0.42566898 | P2: ENUPS | Q2: 0.60871449 | R2: 0.58721465 | S2: 0.34482105 | V2: ENUPS | W2: 2017 | X2: 1
A3: 2018 | B3: ENUPS | C3: 18347205 | D3: 67897.803 | E3: 2134139.2 | F3: 0 | G3: 285.68912 | H3: 345.46166 | I3: 68183.492 | J3: 0.11633515 | K3: 68243.265 | L3: 0.11633841 | P3: ENDWM | Q3: 0.81940655 | R3: 0.88713447 | S3: 0.78700756 | V3: ENUPS | W3: 2018 | X3: 1
A4: 2019 | B4: ENUPS | C4: 25228664 | D4: 216024.19 | E4: 10167925 | F4: 0 | G4: 7779.5695 | H4: 9407.2291 | I4: 223803.76 | J4: 0.40333904 | K4: 225431.42 | L4: 0.40340356 | P4: ENCON | Q4: 0.51377321 | R4: 0.19225974 | S4: 0.03696381 | V4: ENUPS | W4: 2019 | X4: 1
A5: 2020 | B5: ENUPS | C5: 29757693 | D5: 163407.41 | E5: 1735608.4 | F5: 1235000 | G5: 43372.97 | H5: 52447.563 | I5: 1441780.4 | J5: 0.10128411 | K5: 1450855 | L5: 0.10158906 | P5: ENOTH | Q5: 0 | R5: 0 | S5: 0 | V5: ENUPS | W5: 2020 | X5: 0.99938562
A6: 2021 | B6: ENUPS | C6: 30837895 | D6: 1013052.4 | E6: 17106092 | F6: 0 | G6: 67089.717 | H6: 81126.383 | I6: 1080142.2 | J6: 0.55688566 | K6: 1094178.8 | L6: 0.55734083 | P6: DBENR | Q6: 0.55 | R6: 0.58721465 | S6: 0.34482105 | V6: ENUPS | W6: 2021 | X6: 1
A7: 2022 | B7: ENUPS | C7: 24534757 | D7: 556347.09 | E7: 1423093.2 | F7: 0 | G7: 3871960.6 | H7: 4682061.2 | I7: 4428307.7 | J7: 0.21581847 | K7: 5238408.3 | L7: 0.24883696 | P7: DBLIF | Q7: 0.60871449 | R7: 0.58721465 | S7: 0.34482105 | V7: ENUPS | W7: 2022 | X7: 0.99963125
A8: 2023 | B8: ENUPS | C8: 22696900 | D8: 5484099.4 | E8: 30451979 | F8: 0 | G8: 2705704.6 | H8: 3271798.4 | I8: 8189804.1 | J8: 1.4608904 | K8: 8755897.9 | L8: 1.4858319 | P8: DBPRO | Q8: 0.60871449 | R8: 0.58721465 | S8: 0.34482105 | V8: ENUPS | W8: 2023 | X8: 0.99924359
A9: 2024 | B9: ENUPS | C9: 31596641 | D9: 1882530.6 | E9: 2189925.5 | F9: 0 | G9: 8868898.8 | H9: 10765384 | I9: 10751429 | J9: 0.35 | K9: 12647915 | L9: 0.41002173 | P9: DBTRT | Q9: 0.60871449 | R9: 0.58721465 | S9: 0.34482105 | V9: ENUPS | W9: 2024 | X9: 0.99873628
A10: 2025 | B10: ENUPS | C10: 23398457 | D10: 1009565.5 | E10: 1094000.4 | F10: 35000000 | G10: 11404867 | H10: 13998219 | I10: 47414432 | J10: 2.03 | K10: 50007784 | L10: 2.1408343 | P10: TRADX | Q10: 0 | R10: 0 | S10: 0 | V10: ENUPS | W10: 2025 | X10: 0.91255554
A11: 2026 | B11: ENUPS | C11: 21346503 | D11: 1 | E11: 1 | F11: 0 | G11: 11740576 | H11: 14574066 | I11: 11740577 | J11: 0.55 | K11: 14574067 | L11: 0.6827379 | P11: PRTOT | Q11: 0.51165296 | R11: 0.24754336 | S11: 0.061277716 | V11: ENUPS | W11: 2026 | X11: 0.13625579
A12: 2017 | B12: ENDWM | C12: 10862725 | D12: 78439.562 | E12: 37904593 | F12: 0 | G12: 0 | H12: 0 | I12: 78439.562 | J12: 3.4894183 | K12: 78439.562 | L12: 3.4894183 | P12: LIIND | Q12: 0.83268534 | R12: 0.10425753 | S12: 0.010869632 | V12: ENDWM | W12: 2017 | X12: 1
A13: 2018 | B13: ENDWM | C13: 9511319.1 | D13: 6485.7002 | E13: 3520913.9 | F13: 0 | G13: 0 | H13: 0 | I13: 6485.7002 | J13: 0.37018145 | K13: 6485.7002 | L13: 0.37018145 | P13: LISHT | Q13: 0.81723997 | R13: 0.11594985 | S13: 0.013444368 | V13: ENDWM | W13: 2018 | X13: 1
... A23: 2018 | B23: ENCON | C23: 1431989.2 | D23: 0.00368 | E23: 149506.77 | F23: 0 | G23: 5236.2774 | H23: 6086.5 | I23: 5236.2811 | J23: 0.1080616 | K23: 6086.5037 | L23: 0.10865534 | P23: DCFRO | Q23: 1e-10 | R23: 1e-10 | S23: 1e-20 | V23: ENCON | W23: 2018 | X23: 1
A24: 2019 | B24: ENCON | C24: 1639536 | D24: 4.7502908e-11 | E24: 557508.08 | F24: 0 | G24: 66391.781 | H24: 77673.416 | I24: 66391.781 | J24: 0.38053441 | K24: 77673.416 | L24: 0.38741541 | V24: ENCON | W24: 2019 | X24: 1
A25: 2020 | B25: ENCON | C25: 2201535.2 | D25: 0.001055 | E25: 22568.616 | F25: 0 | G25: 27396.48 | H25: 32231.964 | I25: 27396.481 | J25: 0.02269557 | K25: 32231.965 | L25: 0.024891984 | V25: ENCON | W25: 2020 | X25: 1
A26: 2021 | B26: ENCON | C26: 2711990.7 | D26: 80194.856 | E26: 1292912.6 | F26: 0 | G26: 91022.499 | H26: 107817.41 | I26: 171217.36 | J26: 0.51030231 | K26: 188012.27 | L26: 0.51649515 | V26: ENCON | W26: 2021 | X26: 0.97528759
A27: 2022 | B27: ENCON | C27: 2901585.7 | D27: 425318.62 | E27: 833252.52 | F27: 0 | G27: 582429.83 | H27: 695918.26 | I27: 1007748.5 | J27: 0.48789955 | K27: 1121236.9 | L27: 0.52701211 | V27: ENCON | W27: 2022 | X27: 0.9966534
A28: 2023 | B28: ENCON | C28: 9256224.8 | D28: 2358521.2 | E28: 2362830.8 | F28: 0 | G28: 3190904.1 | H28: 3845439.6 | I28: 5549425.3 | J28: 0.6 | K28: 6203960.8 | L28: 0.67071301 | V28: ENCON | W28: 2023 | X28: 0.72087175
A29: 2024 | B29: ENCON | C29: 7139950.7 | D29: 83928.84 | E29: 83928.84 | F29: 0 | G29: 4200041.6 | H29: 5107764.8 | I29: 4283970.4 | J29: 0.6 | K29: 5191693.7 | L29: 0.72713298 | V29: ENCON | W29: 2024 | X29: 0.4461584
A30: 2025 | B30: ENCON | C30: 3427630.6 | D30: 3 | E30: 3 | F30: 0 | G30: 1885193.8 | H30: 2318339.9 | I30: 1885196.8 | J30: 0.55 | K30: 2318342.9 | L30: 0.67636895 | V30: ENCON | W30: 2025 | X30: 0.24712623
A31: 2026 | B31: ENCON | C31: 100000 | D31: 0 | E31: 0 | F31: 0 | G31: 55000 | H31: 68598.917 | I31: 55000 | J31: 0.55 | K31: 68598.917 | L31: 0.68598917 | V31: ENCON | W31: 2026 | X31: 0.34108527
A32: 2017 | B32: DBENR | C32: 0 | D32: 0 | E32: 0 | F32: 0 | G32: 0 | H32: 0 | I32: 0 | J32: 0 | K32: 0 | L32: 0 | V32: DBENR | W32: 2017 | X32: 1
A33: 2018 | B33: DBENR | C33: 0 | D33: 0 | E33: 0 | F33: 0 | G33: 0 | H33: 0 | I33: 0 | J33: 0 | K33: 0 | L33: 0 | V33: DBENR | W33: 2018 | X33: 1
A34: 2019 | B34: DBENR | C34: 0 | D34: 0 | E34: 0 | F34: 0 | G34: 0 | H34: 0 | I34: 0 | J34: 0 | K34: 0 | L34: 0 | V34: DBENR | W34: 2019 | X34: 1
A35: 2020 | B35: DBENR | C35: 0 | D35: 0 | E35: 0 | F35: 0 | G35: 0 | H35: 0 | I35: 0 | J35: 0 | K35: 0 | L35: 0 | V35: DBENR | W35: 2020 | X35: 1
... A201: 2026 | B201: DCFRO | C201: 0 | D201: 0 | E201: 0 | F201: 0 | G201: 0 | H201: 0 | I201: 0 | J201: 0 | K201: 0 | L201: 0 | V201: DCFRO | W201: 2026 | X201: 1

Sheet Output
H1: -1 | I1: 3
H2: Min Std Dev | I2: Max Std Dev
A3: UWY | B3: ResClass | C3: Earned MBE reserves | D3: IBNR GULR MBE | E3: Earned Stat reserves | F3: IBNR GULR Stat | G3: Std deviation | H3: Std deviation floor | I3: Std deviation ceiling
A4: {=_xlfn.CHOOSEROWS(Params!C1:C10, MOD(_xlfn.SEQUENCE(10 * COUNTA(Params!A1:A20)) - 1, 10) + 1)} -> 2017 | B4: {=INDIRECT("'Params'!A" & (QUOTIENT(ROW(A4)-4, 10) + 1))} -> ENUPS | C4: =SUMIFS(Inputs!$F$2:$F$201,Inputs!$A$2:$A$201,$A4,Inputs!$B$2:$B$201,$B4)+SUMIFS(Inputs!$D$2:$D$201,Inputs!$A$2:$A$201,$A4,Inputs!$B$2:$B$201,$B4)+SUMIFS(Inputs!$G$2:$G$201,Inputs!$A$2:$A$201,$A4,Inputs!$B$2:$B$201,$B4)*+SUMIFS(Inputs!$X$2:$X$201,Inputs!$W$2:$W$201,$A4,Inputs!$V$2:$V$201,$B4) -> 0.010316866 | D4: =IFERROR(SUMIFS(Inputs!$G$2:$G$201,Inputs!$A$2:$A$201,$A4,Inputs!$B$2:$B$201,$B4)/SUMIFS(Inputs!$C$2:$C$201,Inputs!$A$2:$A$201,$A4,Inputs!$B$2:$B$201,$B4),0) -> 0 | E4: =SUMIFS(Inputs!$F$2:$F$201,Inputs!$A$2:$A$201,$A4,Inputs!$B$2:$B$201,$B4)+SUMIFS(Inputs!$D$2:$D$201,Inputs!$A$2:$A$201,$A4,Inputs!$B$2:$B$201,$B4)+SUMIFS(Inputs!$H$2:$H$201,Inputs!$A$2:$A$201,$A4,Inputs!$B$2:$B$201,$B4)*+SUMIFS(Inputs!$X$2:$X$201,Inputs!$W$2:$W$201,$A4,Inputs!$V$2:$V$201,$B4) -> 0.010316866 | F4: =IFERROR(SUMIFS(Inputs!$H$2:$H$201,Inputs!$A$2:$A$201,$A4,Inputs!$B$2:$B$201,$B4)/SUMIFS(Inputs!$C$2:$C$201,Inputs!$A$2:$A$201,$A4,Inputs!$B$2:$B$201,$B4),0) -> 0 | G4: =D4*SUMIFS(Inputs!$R$2:$R$23,Inputs!$P$2:$P$23,$B4)/SUMIFS(Inputs!$Q$2:$Q$23,Inputs!$P$2:$P$23,$B4) -> 0 | H4: =MAX(G4,$H$1) -> 0 | I4: =MIN(G4,$I$1) -> 0
A5: 2018 | B5: {=INDIRECT("'Params'!A" & (QUOTIENT(ROW(A5)-4, 10) + 1))} -> ENUPS | C5: =SUMIFS(Inputs!$F$2:$F$201,Inputs!$A$2:$A$201,$A5,Inputs!$B$2:$B$201,$B5)+SUMIFS(Inputs!$D$2:$D$201,Inputs!$A$2:$A$201,$A5,Inputs!$B$2:$B$201,$B5)+SUMIFS(Inputs!$G$2:$G$201,Inputs!$A$2:$A$201,$A5,Inputs!$B$2:$B$201,$B5)*+SUMIFS(Inputs!$X$2:$X$201,Inputs!$W$2:$W$201,$A5,Inputs!$V$2:$V$201,$B5) -> 68183.492 | D5: =IFERROR(SUMIFS(Inputs!$G$2:$G$201,Inputs!$A$2:$A$201,$A5,Inputs!$B$2:$B$201,$B5)/SUMIFS(Inputs!$C$2:$C$201,Inputs!$A$2:$A$201,$A5,Inputs!$B$2:$B$201,$B5),0) -> 1.5571261e-05 | E5: =SUMIFS(Inputs!$F$2:$F$201,Inputs!$A$2:$A$201,$A5,Inputs!$B$2:$B$201,$B5)+SUMIFS(Inputs!$D$2:$D$201,Inputs!$A$2:$A$201,$A5,Inputs!$B$2:$B$201,$B5)+SUMIFS(Inputs!$H$2:$H$201,Inputs!$A$2:$A$201,$A5,Inputs!$B$2:$B$201,$B5)*+SUMIFS(Inputs!$X$2:$X$201,Inputs!$W$2:$W$201,$A5,Inputs!$V$2:$V$201,$B5) -> 68243.265 | F5: =IFERROR(SUMIFS(Inputs!$H$2:$H$201,Inputs!$A$2:$A$201,$A5,Inputs!$B$2:$B$201,$B5)/SUMIFS(Inputs!$C$2:$C$201,Inputs!$A$2:$A$201,$A5,Inputs!$B$2:$B$201,$B5),0) -> 1.8829116e-05 | G5: =D5*SUMIFS(Inputs!$R$2:$R$23,Inputs!$P$2:$P$23,$B5)/SUMIFS(Inputs!$Q$2:$Q$23,Inputs!$P$2:$P$23,$B5) -> 1.5021283e-05 | H5: =MAX(G5,$H$1) -> 1.5021283e-05 | I5: =MIN(G5,$I$1) -> 1.5021283e-05
A6: 2019 | B6: {=INDIRECT("'Params'!A" & (QUOTIENT(ROW(A6)-4, 10) + 1))} -> ENUPS | C6: =SUMIFS(Inputs!$F$2:$F$201,Inputs!$A$2:$A$201,$A6,Inputs!$B$2:$B$201,$B6)+SUMIFS(Inputs!$D$2:$D$201,Inputs!$A$2:$A$201,$A6,Inputs!$B$2:$B$201,$B6)+SUMIFS(Inputs!$G$2:$G$201,Inputs!$A$2:$A$201,$A6,Inputs!$B$2:$B$201,$B6)*+SUMIFS(Inputs!$X$2:$X$201,Inputs!$W$2:$W$201,$A6,Inputs!$V$2:$V$201,$B6) -> 223803.76 | D6: =IFERROR(SUMIFS(Inputs!$G$2:$G$201,Inputs!$A$2:$A$201,$A6,Inputs!$B$2:$B$201,$B6)/SUMIFS(Inputs!$C$2:$C$201,Inputs!$A$2:$A$201,$A6,Inputs!$B$2:$B$201,$B6),0) -> 0.00030836233 | E6: =SUMIFS(Inputs!$F$2:$F$201,Inputs!$A$2:$A$201,$A6,Inputs!$B$2:$B$201,$B6)+SUMIFS(Inputs!$D$2:$D$201,Inputs!$A$2:$A$201,$A6,Inputs!$B$2:$B$201,$B6)+SUMIFS(Inputs!$H$2:$H$201,Inputs!$A$2:$A$201,$A6,Inputs!$B$2:$B$201,$B6)*+SUMIFS(Inputs!$X$2:$X$201,Inputs!$W$2:$W$201,$A6,Inputs!$V$2:$V$201,$B6) -> 225431.42 | F6: =IFERROR(SUMIFS(Inputs!$H$2:$H$201,Inputs!$A$2:$A$201,$A6,Inputs!$B$2:$B$201,$B6)/SUMIFS(Inputs!$C$2:$C$201,Inputs!$A$2:$A$201,$A6,Inputs!$B$2:$B$201,$B6),0) -> 0.00037287862 | G6: =D6*SUMIFS(Inputs!$R$2:$R$23,Inputs!$P$2:$P$23,$B6)/SUMIFS(Inputs!$Q$2:$Q$23,Inputs!$P$2:$P$23,$B6) -> 0.00029747095 | H6: =MAX(G6,$H$1) -> 0.00029747095 | I6: =MIN(G6,$I$1) -> 0.00029747095
A7: 2020 | B7: {=INDIRECT("'Params'!A" & (QUOTIENT(ROW(A7)-4, 10) + 1))} -> ENUPS | C7: =SUMIFS(Inputs!$F$2:$F$201,Inputs!$A$2:$A$201,$A7,Inputs!$B$2:$B$201,$B7)+SUMIFS(Inputs!$D$2:$D$201,Inputs!$A$2:$A$201,$A7,Inputs!$B$2:$B$201,$B7)+SUMIFS(Inputs!$G$2:$G$201,Inputs!$A$2:$A$201,$A7,Inputs!$B$2:$B$201,$B7)*+SUMIFS(Inputs!$X$2:$X$201,Inputs!$W$2:$W$201,$A7,Inputs!$V$2:$V$201,$B7) -> 1441753.7 | D7: =IFERROR(SUMIFS(Inputs!$G$2:$G$201,Inputs!$A$2:$A$201,$A7,Inputs!$B$2:$B$201,$B7)/SUMIFS(Inputs!$C$2:$C$201,Inputs!$A$2:$A$201,$A7,Inputs!$B$2:$B$201,$B7),0) -> 0.0014575381 | E7: =SUMIFS(Inputs!$F$2:$F$201,Inputs!$A$2:$A$201,$A7,Inputs!$B$2:$B$201,$B7)+SUMIFS(Inputs!$D$2:$D$201,Inputs!$A$2:$A$201,$A7,Inputs!$B$2:$B$201,$B7)+SUMIFS(Inputs!$H$2:$H$201,Inputs!$A$2:$A$201,$A7,Inputs!$B$2:$B$201,$B7)*+SUMIFS(Inputs!$X$2:$X$201,Inputs!$W$2:$W$201,$A7,Inputs!$V$2:$V$201,$B7) -> 1450822.8 | F7: =IFERROR(SUMIFS(Inputs!$H$2:$H$201,Inputs!$A$2:$A$201,$A7,Inputs!$B$2:$B$201,$B7)/SUMIFS(Inputs!$C$2:$C$201,Inputs!$A$2:$A$201,$A7,Inputs!$B$2:$B$201,$B7),0) -> 0.0017624876 | G7: =D7*SUMIFS(Inputs!$R$2:$R$23,Inputs!$P$2:$P$23,$B7)/SUMIFS(Inputs!$Q$2:$Q$23,Inputs!$P$2:$P$23,$B7) -> 0.0014060577 | H7: =MAX(G7,$H$1) -> 0.0014060577 | I7: =MIN(G7,$I$1) -> 0.0014060577
A8: 2021 | B8: {=INDIRECT("'Params'!A" & (QUOTIENT(ROW(A8)-4, 10) + 1))} -> ENUPS | C8: =SUMIFS(Inputs!$F$2:$F$201,Inputs!$A$2:$A$201,$A8,Inputs!$B$2:$B$201,$B8)+SUMIFS(Inputs!$D$2:$D$201,Inputs!$A$2:$A$201,$A8,Inputs!$B$2:$B$201,$B8)+SUMIFS(Inputs!$G$2:$G$201,Inputs!$A$2:$A$201,$A8,Inputs!$B$2:$B$201,$B8)*+SUMIFS(Inputs!$X$2:$X$201,Inputs!$W$2:$W$201,$A8,Inputs!$V$2:$V$201,$B8) -> 1080142.2 | D8: =IFERROR(SUMIFS(Inputs!$G$2:$G$201,Inputs!$A$2:$A$201,$A8,Inputs!$B$2:$B$201,$B8)/SUMIFS(Inputs!$C$2:$C$201,Inputs!$A$2:$A$201,$A8,Inputs!$B$2:$B$201,$B8),0) -> 0.0021755609 | E8: =SUMIFS(Inputs!$F$2:$F$201,Inputs!$A$2:$A$201,$A8,Inputs!$B$2:$B$201,$B8)+SUMIFS(Inputs!$D$2:$D$201,Inputs!$A$2:$A$201,$A8,Inputs!$B$2:$B$201,$B8)+SUMIFS(Inputs!$H$2:$H$201,Inputs!$A$2:$A$201,$A8,Inputs!$B$2:$B$201,$B8)*+SUMIFS(Inputs!$X$2:$X$201,Inputs!$W$2:$W$201,$A8,Inputs!$V$2:$V$201,$B8) -> 1094178.8 | F8: =IFERROR(SUMIFS(Inputs!$H$2:$H$201,Inputs!$A$2:$A$201,$A8,Inputs!$B$2:$B$201,$B8)/SUMIFS(Inputs!$C$2:$C$201,Inputs!$A$2:$A$201,$A8,Inputs!$B$2:$B$201,$B8),0) -> 0.0026307368 | G8: =D8*SUMIFS(Inputs!$R$2:$R$23,Inputs!$P$2:$P$23,$B8)/SUMIFS(Inputs!$Q$2:$Q$23,Inputs!$P$2:$P$23,$B8) -> 0.0020987199 | H8: =MAX(G8,$H$1) -> 0.0020987199 | I8: =MIN(G8,$I$1) -> 0.0020987199
A9: 2022 | B9: {=INDIRECT("'Params'!A" & (QUOTIENT(ROW(A9)-4, 10) + 1))} -> ENUPS | C9: =SUMIFS(Inputs!$F$2:$F$201,Inputs!$A$2:$A$201,$A9,Inputs!$B$2:$B$201,$B9)+SUMIFS(Inputs!$D$2:$D$201,Inputs!$A$2:$A$201,$A9,Inputs!$B$2:$B$201,$B9)+SUMIFS(Inputs!$G$2:$G$201,Inputs!$A$2:$A$201,$A9,Inputs!$B$2:$B$201,$B9)*+SUMIFS(Inputs!$X$2:$X$201,Inputs!$W$2:$W$201,$A9,Inputs!$V$2:$V$201,$B9) -> 4426879.9 | D9: =IFERROR(SUMIFS(Inputs!$G$2:$G$201,Inputs!$A$2:$A$201,$A9,Inputs!$B$2:$B$201,$B9)/SUMIFS(Inputs!$C$2:$C$201,Inputs!$A$2:$A$201,$A9,Inputs!$B$2:$B$201,$B9),0) -> 0.15781532 | E9: =SUMIFS(Inputs!$F$2:$F$201,Inputs!$A$2:$A$201,$A9,Inputs!$B$2:$B$201,$B9)+SUMIFS(Inputs!$D$2:$D$201,Inputs!$A$2:$A$201,$A9,Inputs!$B$2:$B$201,$B9)+SUMIFS(Inputs!$H$2:$H$201,Inputs!$A$2:$A$201,$A9,Inputs!$B$2:$B$201,$B9)*+SUMIFS(Inputs!$X$2:$X$201,Inputs!$W$2:$W$201,$A9,Inputs!$V$2:$V$201,$B9) -> 5236681.8 | F9: =IFERROR(SUMIFS(Inputs!$H$2:$H$201,Inputs!$A$2:$A$201,$A9,Inputs!$B$2:$B$201,$B9)/SUMIFS(Inputs!$C$2:$C$201,Inputs!$A$2:$A$201,$A9,Inputs!$B$2:$B$201,$B9),0) -> 0.19083381 | G9: =D9*SUMIFS(Inputs!$R$2:$R$23,Inputs!$P$2:$P$23,$B9)/SUMIFS(Inputs!$Q$2:$Q$23,Inputs!$P$2:$P$23,$B9) -> 0.15224127 | H9: =MAX(G9,$H$1) -> 0.15224127 | I9: =MIN(G9,$I$1) -> 0.15224127
A10: 2023 | B10: {=INDIRECT("'Params'!A" & (QUOTIENT(ROW(A10)-4, 10) + 1))} -> ENUPS | C10: =SUMIFS(Inputs!$F$2:$F$201,Inputs!$A$2:$A$201,$A10,Inputs!$B$2:$B$201,$B10)+SUMIFS(Inputs!$D$2:$D$201,Inputs!$A$2:$A$201,$A10,Inputs!$B$2:$B$201,$B10)+SUMIFS(Inputs!$G$2:$G$201,Inputs!$A$2:$A$201,$A10,Inputs!$B$2:$B$201,$B10)*+SUMIFS(Inputs!$X$2:$X$201,Inputs!$W$2:$W$201,$A10,Inputs!$V$2:$V$201,$B10) -> 8187757.5 | D10: =IFERROR(SUMIFS(Inputs!$G$2:$G$201,Inputs!$A$2:$A$201,$A10,Inputs!$B$2:$B$201,$B10)/SUMIFS(Inputs!$C$2:$C$201,Inputs!$A$2:$A$201,$A10,Inputs!$B$2:$B$201,$B10),0) -> 0.11921032 | E10: =SUMIFS(Inputs!$F$2:$F$201,Inputs!$A$2:$A$201,$A10,Inputs!$B$2:$B$201,$B10)+SUMIFS(Inputs!$D$2:$D$201,Inputs!$A$2:$A$201,$A10,Inputs!$B$2:$B$201,$B10)+SUMIFS(Inputs!$H$2:$H$201,Inputs!$A$2:$A$201,$A10,Inputs!$B$2:$B$201,$B10)*+SUMIFS(Inputs!$X$2:$X$201,Inputs!$W$2:$W$201,$A10,Inputs!$V$2:$V$201,$B10) -> 8753423.1 | F10: =IFERROR(SUMIFS(Inputs!$H$2:$H$201,Inputs!$A$2:$A$201,$A10,Inputs!$B$2:$B$201,$B10)/SUMIFS(Inputs!$C$2:$C$201,Inputs!$A$2:$A$201,$A10,Inputs!$B$2:$B$201,$B10),0) -> 0.14415178 | G10: =D10*SUMIFS(Inputs!$R$2:$R$23,Inputs!$P$2:$P$23,$B10)/SUMIFS(Inputs!$Q$2:$Q$23,Inputs!$P$2:$P$23,$B10) -> 0.1149998 | H10: =MAX(G10,$H$1) -> 0.1149998 | I10: =MIN(G10,$I$1) -> 0.1149998
A11: 2024 | B11: {=INDIRECT("'Params'!A" & (QUOTIENT(ROW(A11)-4, 10) + 1))} -> ENUPS | C11: =SUMIFS(Inputs!$F$2:$F$201,Inputs!$A$2:$A$201,$A11,Inputs!$B$2:$B$201,$B11)+SUMIFS(Inputs!$D$2:$D$201,Inputs!$A$2:$A$201,$A11,Inputs!$B$2:$B$201,$B11)+SUMIFS(Inputs!$G$2:$G$201,Inputs!$A$2:$A$201,$A11,Inputs!$B$2:$B$201,$B11)*+SUMIFS(Inputs!$X$2:$X$201,Inputs!$W$2:$W$201,$A11,Inputs!$V$2:$V$201,$B11) -> 10740222 | D11: =IFERROR(SUMIFS(Inputs!$G$2:$G$201,Inputs!$A$2:$A$201,$A11,Inputs!$B$2:$B$201,$B11)/SUMIFS(Inputs!$C$2:$C$201,Inputs!$A$2:$A$201,$A11,Inputs!$B$2:$B$201,$B11),0) -> 0.28069119 | E11: =SUMIFS(Inputs!$F$2:$F$201,Inputs!$A$2:$A$201,$A11,Inputs!$B$2:$B$201,$B11)+SUMIFS(Inputs!$D$2:$D$201,Inputs!$A$2:$A$201,$A11,Inputs!$B$2:$B$201,$B11)+SUMIFS(Inputs!$H$2:$H$201,Inputs!$A$2:$A$201,$A11,Inputs!$B$2:$B$201,$B11)*+SUMIFS(Inputs!$X$2:$X$201,Inputs!$W$2:$W$201,$A11,Inputs!$V$2:$V$201,$B11) -> 12634310 | F11: =IFERROR(SUMIFS(Inputs!$H$2:$H$201,Inputs!$A$2:$A$201,$A11,Inputs!$B$2:$B$201,$B11)/SUMIFS(Inputs!$C$2:$C$201,Inputs!$A$2:$A$201,$A11,Inputs!$B$2:$B$201,$B11),0) -> 0.34071292 | G11: =D11*SUMIFS(Inputs!$R$2:$R$23,Inputs!$P$2:$P$23,$B11)/SUMIFS(Inputs!$Q$2:$Q$23,Inputs!$P$2:$P$23,$B11) -> 0.27077716 | H11: =MAX(G11,$H$1) -> 0.27077716 | I11: =MIN(G11,$I$1) -> 0.27077716
A12: 2025 | B12: {=INDIRECT("'Params'!A" & (QUOTIENT(ROW(A12)-4, 10) + 1))} -> ENUPS | C12: =SUMIFS(Inputs!$F$2:$F$201,Inputs!$A$2:$A$201,$A12,Inputs!$B$2:$B$201,$B12)+SUMIFS(Inputs!$D$2:$D$201,Inputs!$A$2:$A$201,$A12,Inputs!$B$2:$B$201,$B12)+SUMIFS(Inputs!$G$2:$G$201,Inputs!$A$2:$A$201,$A12,Inputs!$B$2:$B$201,$B12)*+SUMIFS(Inputs!$X$2:$X$201,Inputs!$W$2:$W$201,$A12,Inputs!$V$2:$V$201,$B12) -> 46417140 | D12: =IFERROR(SUMIFS(Inputs!$G$2:$G$201,Inputs!$A$2:$A$201,$A12,Inputs!$B$2:$B$201,$B12)/SUMIFS(Inputs!$C$2:$C$201,Inputs!$A$2:$A$201,$A12,Inputs!$B$2:$B$201,$B12),0) -> 0.48741961 | E12: =SUMIFS(Inputs!$F$2:$F$201,Inputs!$A$2:$A$201,$A12,Inputs!$B$2:$B$201,$B12)+SUMIFS(Inputs!$D$2:$D$201,Inputs!$A$2:$A$201,$A12,Inputs!$B$2:$B$201,$B12)+SUMIFS(Inputs!$H$2:$H$201,Inputs!$A$2:$A$201,$A12,Inputs!$B$2:$B$201,$B12)*+SUMIFS(Inputs!$X$2:$X$201,Inputs!$W$2:$W$201,$A12,Inputs!$V$2:$V$201,$B12) -> 48783718 | F12: =IFERROR(SUMIFS(Inputs!$H$2:$H$201,Inputs!$A$2:$A$201,$A12,Inputs!$B$2:$B$201,$B12)/SUMIFS(Inputs!$C$2:$C$201,Inputs!$A$2:$A$201,$A12,Inputs!$B$2:$B$201,$B12),0) -> 0.59825394 | G12: =D12*SUMIFS(Inputs!$R$2:$R$23,Inputs!$P$2:$P$23,$B12)/SUMIFS(Inputs!$Q$2:$Q$23,Inputs!$P$2:$P$23,$B12) -> 0.47020392 | H12: =MAX(G12,$H$1) -> 0.47020392 | I12: =MIN(G12,$I$1) -> 0.47020392
A13: 2026 | B13: {=INDIRECT("'Params'!A" & (QUOTIENT(ROW(A13)-4, 10) + 1))} -> ENUPS | C13: =SUMIFS(Inputs!$F$2:$F$201,Inputs!$A$2:$A$201,$A13,Inputs!$B$2:$B$201,$B13)+SUMIFS(Inputs!$D$2:$D$201,Inputs!$A$2:$A$201,$A13,Inputs!$B$2:$B$201,$B13)+SUMIFS(Inputs!$G$2:$G$201,Inputs!$A$2:$A$201,$A13,Inputs!$B$2:$B$201,$B13)*+SUMIFS(Inputs!$X$2:$X$201,Inputs!$W$2:$W$201,$A13,Inputs!$V$2:$V$201,$B13) -> 1599722.5 | D13: =IFERROR(SUMIFS(Inputs!$G$2:$G$201,Inputs!$A$2:$A$201,$A13,Inputs!$B$2:$B$201,$B13)/SUMIFS(Inputs!$C$2:$C$201,Inputs!$A$2:$A$201,$A13,Inputs!$B$2:$B$201,$B13),0) -> 0.54999995 | E13: =SUMIFS(Inputs!$F$2:$F$201,Inputs!$A$2:$A$201,$A13,Inputs!$B$2:$B$201,$B13)+SUMIFS(Inputs!$D$2:$D$201,Inputs!$A$2:$A$201,$A13,Inputs!$B$2:$B$201,$B13)+SUMIFS(Inputs!$H$2:$H$201,Inputs!$A$2:$A$201,$A13,Inputs!$B$2:$B$201,$B13)*+SUMIFS(Inputs!$X$2:$X$201,Inputs!$W$2:$W$201,$A13,Inputs!$V$2:$V$201,$B13) -> 1985801.9 | F13: =IFERROR(SUMIFS(Inputs!$H$2:$H$201,Inputs!$A$2:$A$201,$A13,Inputs!$B$2:$B$201,$B13)/SUMIFS(Inputs!$C$2:$C$201,Inputs!$A$2:$A$201,$A13,Inputs!$B$2:$B$201,$B13),0) -> 0.68273785 | G13: =D13*SUMIFS(Inputs!$R$2:$R$23,Inputs!$P$2:$P$23,$B13)/SUMIFS(Inputs!$Q$2:$Q$23,Inputs!$P$2:$P$23,$B13) -> 0.53057392 | H13: =MAX(G13,$H$1) -> 0.53057392 | I13: =MIN(G13,$I$1) -> 0.53057392
A14: 2017 | B14: {=INDIRECT("'Params'!A" & (QUOTIENT(ROW(A14)-4, 10) + 1))} -> ENDWM | C14: =SUMIFS(Inputs!$F$2:$F$201,Inputs!$A$2:$A$201,$A14,Inputs!$B$2:$B$201,$B14)+SUMIFS(Inputs!$D$2:$D$201,Inputs!$A$2:$A$201,$A14,Inputs!$B$2:$B$201,$B14)+SUMIFS(Inputs!$G$2:$G$201,Inputs!$A$2:$A$201,$A14,Inputs!$B$2:$B$201,$B14)*+SUMIFS(Inputs!$X$2:$X$201,Inputs!$W$2:$W$201,$A14,Inputs!$V$2:$V$201,$B14) -> 78439.562 | D14: =IFERROR(SUMIFS(Inputs!$G$2:$G$201,Inputs!$A$2:$A$201,$A14,Inputs!$B$2:$B$201,$B14)/SUMIFS(Inputs!$C$2:$C$201,Inputs!$A$2:$A$201,$A14,Inputs!$B$2:$B$201,$B14),0) -> 0 | E14: =SUMIFS(Inputs!$F$2:$F$201,Inputs!$A$2:$A$201,$A14,Inputs!$B$2:$B$201,$B14)+SUMIFS(Inputs!$D$2:$D$201,Inputs!$A$2:$A$201,$A14,Inputs!$B$2:$B$201,$B14)+SUMIFS(Inputs!$H$2:$H$201,Inputs!$A$2:$A$201,$A14,Inputs!$B$2:$B$201,$B14)*+SUMIFS(Inputs!$X$2:$X$201,Inputs!$W$2:$W$201,$A14,Inputs!$V$2:$V$201,$B14) -> 78439.562 | F14: =IFERROR(SUMIFS(Inputs!$H$2:$H$201,Inputs!$A$2:$A$201,$A14,Inputs!$B$2:$B$201,$B14)/SUMIFS(Inputs!$C$2:$C$201,Inputs!$A$2:$A$201,$A14,Inputs!$B$2:$B$201,$B14),0) -> 0 | G14: =D14*SUMIFS(Inputs!$R$2:$R$23,Inputs!$P$2:$P$23,$B14)/SUMIFS(Inputs!$Q$2:$Q$23,Inputs!$P$2:$P$23,$B14) -> 0 | H14: =MAX(G14,$H$1) -> 0 | I14: =MIN(G14,$I$1) -> 0
A15: 2018 | B15: {=INDIRECT("'Params'!A" & (QUOTIENT(ROW(A15)-4, 10) + 1))} -> ENDWM | C15: =SUMIFS(Inputs!$F$2:$F$201,Inputs!$A$2:$A$201,$A15,Inputs!$B$2:$B$201,$B15)+SUMIFS(Inputs!$D$2:$D$201,Inputs!$A$2:$A$201,$A15,Inputs!$B$2:$B$201,$B15)+SUMIFS(Inputs!$G$2:$G$201,Inputs!$A$2:$A$201,$A15,Inputs!$B$2:$B$201,$B15)*+SUMIFS(Inputs!$X$2:$X$201,Inputs!$W$2:$W$201,$A15,Inputs!$V$2:$V$201,$B15) -> 6485.7002 | D15: =IFERROR(SUMIFS(Inputs!$G$2:$G$201,Inputs!$A$2:$A$201,$A15,Inputs!$B$2:$B$201,$B15)/SUMIFS(Inputs!$C$2:$C$201,Inputs!$A$2:$A$201,$A15,Inputs!$B$2:$B$201,$B15),0) -> 0 | E15: =SUMIFS(Inputs!$F$2:$F$201,Inputs!$A$2:$A$201,$A15,Inputs!$B$2:$B$201,$B15)+SUMIFS(Inputs!$D$2:$D$201,Inputs!$A$2:$A$201,$A15,Inputs!$B$2:$B$201,$B15)+SUMIFS(Inputs!$H$2:$H$201,Inputs!$A$2:$A$201,$A15,Inputs!$B$2:$B$201,$B15)*+SUMIFS(Inputs!$X$2:$X$201,Inputs!$W$2:$W$201,$A15,Inputs!$V$2:$V$201,$B15) -> 6485.7002 | F15: =IFERROR(SUMIFS(Inputs!$H$2:$H$201,Inputs!$A$2:$A$201,$A15,Inputs!$B$2:$B$201,$B15)/SUMIFS(Inputs!$C$2:$C$201,Inputs!$A$2:$A$201,$A15,Inputs!$B$2:$B$201,$B15),0) -> 0 | G15: =D15*SUMIFS(Inputs!$R$2:$R$23,Inputs!$P$2:$P$23,$B15)/SUMIFS(Inputs!$Q$2:$Q$23,Inputs!$P$2:$P$23,$B15) -> 0 | H15: =MAX(G15,$H$1) -> 0 | I15: =MIN(G15,$I$1) -> 0
A16: 2019 | B16: {=INDIRECT("'Params'!A" & (QUOTIENT(ROW(A16)-4, 10) + 1))} -> ENDWM | C16: =SUMIFS(Inputs!$F$2:$F$201,Inputs!$A$2:$A$201,$A16,Inputs!$B$2:$B$201,$B16)+SUMIFS(Inputs!$D$2:$D$201,Inputs!$A$2:$A$201,$A16,Inputs!$B$2:$B$201,$B16)+SUMIFS(Inputs!$G$2:$G$201,Inputs!$A$2:$A$201,$A16,Inputs!$B$2:$B$201,$B16)*+SUMIFS(Inputs!$X$2:$X$201,Inputs!$W$2:$W$201,$A16,Inputs!$V$2:$V$201,$B16) -> 680707.67 | D16: =IFERROR(SUMIFS(Inputs!$G$2:$G$201,Inputs!$A$2:$A$201,$A16,Inputs!$B$2:$B$201,$B16)/SUMIFS(Inputs!$C$2:$C$201,Inputs!$A$2:$A$201,$A16,Inputs!$B$2:$B$201,$B16),0) -> 0 | E16: =SUMIFS(Inputs!$F$2:$F$201,Inputs!$A$2:$A$201,$A16,Inputs!$B$2:$B$201,$B16)+SUMIFS(Inputs!$D$2:$D$201,Inputs!$A$2:$A$201,$A16,Inputs!$B$2:$B$201,$B16)+SUMIFS(Inputs!$H$2:$H$201,Inputs!$A$2:$A$201,$A16,Inputs!$B$2:$B$201,$B16)*+SUMIFS(Inputs!$X$2:$X$201,Inputs!$W$2:$W$201,$A16,Inputs!$V$2:$V$201,$B16) -> 680707.67 | F16: =IFERROR(SUMIFS(Inputs!$H$2:$H$201,Inputs!$A$2:$A$201,$A16,Inputs!$B$2:$B$201,$B16)/SUMIFS(Inputs!$C$2:$C$201,Inputs!$A$2:$A$201,$A16,Inputs!$B$2:$B$201,$B16),0) -> 0 | G16: =D16*SUMIFS(Inputs!$R$2:$R$23,Inputs!$P$2:$P$23,$B16)/SUMIFS(Inputs!$Q$2:$Q$23,Inputs!$P$2:$P$23,$B16) -> 0 | H16: =MAX(G16,$H$1) -> 0 | I16: =MIN(G16,$I$1) -> 0
... A203: 2026 | B203: {=INDIRECT("'Params'!A" & (QUOTIENT(ROW(A203)-4, 10) + 1))} -> DCFRO | C203: =SUMIFS(Inputs!$F$2:$F$201,Inputs!$A$2:$A$201,$A203,Inputs!$B$2:$B$201,$B203)+SUMIFS(Inputs!$D$2:$D$201,Inputs!$A$2:$A$201,$A203,Inputs!$B$2:$B$201,$B203)+SUMIFS(Inputs!$G$2:$G$201,Inputs!$A$2:$A$201,$A203,Inputs!$B$2:$B$201,$B203)*+SUMIFS(Inputs!$X$2:$X$201,Inputs!$W$2:$W$201,$A203,Inputs!$V$2:$V$201,$B203) -> 0 | D203: =IFERROR(SUMIFS(Inputs!$G$2:$G$201,Inputs!$A$2:$A$201,$A203,Inputs!$B$2:$B$201,$B203)/SUMIFS(Inputs!$C$2:$C$201,Inputs!$A$2:$A$201,$A203,Inputs!$B$2:$B$201,$B203),0) -> 0 | E203: =SUMIFS(Inputs!$F$2:$F$201,Inputs!$A$2:$A$201,$A203,Inputs!$B$2:$B$201,$B203)+SUMIFS(Inputs!$D$2:$D$201,Inputs!$A$2:$A$201,$A203,Inputs!$B$2:$B$201,$B203)+SUMIFS(Inputs!$H$2:$H$201,Inputs!$A$2:$A$201,$A203,Inputs!$B$2:$B$201,$B203)*+SUMIFS(Inputs!$X$2:$X$201,Inputs!$W$2:$W$201,$A203,Inputs!$V$2:$V$201,$B203) -> 0 | F203: =IFERROR(SUMIFS(Inputs!$H$2:$H$201,Inputs!$A$2:$A$201,$A203,Inputs!$B$2:$B$201,$B203)/SUMIFS(Inputs!$C$2:$C$201,Inputs!$A$2:$A$201,$A203,Inputs!$B$2:$B$201,$B203),0) -> 0 | G203: =D203*SUMIFS(Inputs!$R$2:$R$23,Inputs!$P$2:$P$23,$B203)/SUMIFS(Inputs!$Q$2:$Q$23,Inputs!$P$2:$P$23,$B203) -> 0 | H203: =MAX(G203,$H$1) -> 0 | I203: =MIN(G203,$I$1) -> 0
